case,q,pool_sp,pull_sp,mk,cores,exp,plan_path,ts,source,verified_local
case_001,3,4.907372,4.907372,47502,5,A-P3-BAL5-001,runs/A-P3-BAL5-001/case_001_q3_N5_s11/plan.json,2026-09-24T08:50:32+00:00,pool,
case_002,3,3.982077,4.343094,60313,5,A-P3-BAL5-001,runs/A-P3-BAL5-001/case_002_q3_N5_s11/plan.json,2026-09-24T08:50:32+00:00,pull,
case_003,3,2.714794,2.714794,221826,5,A-P3-BAL5-001,runs/A-P3-BAL5-001/case_003_q3_N5_s11/plan.json,2026-09-24T08:50:32+00:00,pool,
case_004,3,4.441392,4.441392,88341,5,A-P3-BAL5-001,runs/A-P3-BAL5-001/case_004_q3_N5_s11/plan.json,2026-09-24T08:50:32+00:00,pool,
case_005,3,1.670913,1.421427,67269,5,A-P3-BAL5-001,runs/A-P3-BAL5-001/case_005_q3_N5_s11/plan.json,2026-09-24T08:50:32+00:00,pool,
case_006,3,3.548079,3.988108,20771,5,A-P3-BAL5-001,runs/A-P3-BAL5-001/case_006_q3_N5_s11/plan.json,2026-09-24T08:50:32+00:00,pull,
case_007,3,4.967581,4.967581,203834,5,A-P3-BAL5-001,runs/A-P3-BAL5-001/case_007_q3_N5_s11/plan.json,2026-09-24T08:50:32+00:00,pool,
case_008,3,4.846824,5.113683,95353,5,A-P3-BAL5-001,runs/A-P3-BAL5-001/case_008_q3_N5_s11/plan.json,2026-09-24T08:50:32+00:00,pull,
case_009,3,1.785156,1.785156,85853,5,A-P3-BAL5-001,runs/A-P3-BAL5-001/case_009_q3_N5_s11/plan.json,2026-09-24T08:50:42+00:00,pool,
case_010,3,4.161395,3.888968,22363,5,A-P3-BAL5-001,runs/A-P3-BAL5-001/case_010_q3_N5_s11/plan.json,2026-09-24T08:51:08+00:00,pool,
case_011,3,4.553561,4.613504,40034,5,A-P3-BAL5-001,runs/A-P3-BAL5-001/case_011_q3_N5_s11/plan.json,2026-09-24T08:56:24+00:00,pull,
case_012,3,3.820016,4.327206,13655,5,A-P3-BAL5-001,runs/A-P3-BAL5-001/case_012_q3_N5_s11/plan.json,2026-09-24T08:50:42+00:00,pull,
case_013,3,4.871346,4.877377,54117,5,A-P3-BAL5-001,runs/A-P3-BAL5-001/case_013_q3_N5_s11/plan.json,2026-09-24T08:51:42+00:00,pull,
case_014,3,4.803372,4.804602,3683682,5,A-P3-STRAND-N5,runs/A-P3-STRAND-N5/case_014_q3_N5_s11/plan.json,2026-09-24T07:55:25+00:00,pull,
case_015,3,4.349987,4.014077,44185,5,A-P3-BAL5-001,runs/A-P3-BAL5-001/case_015_q3_N5_s11/plan.json,2026-09-24T08:51:31+00:00,pool,
case_016,3,3.443543,3.214294,2400379,4,A-P3-STRAND-002,runs/A-P3-STRAND-002/case_016_q3_N4_s11/plan.json,2026-09-24T04:56:39+00:00,pool,
case_017,3,4.882591,4.882591,33345,5,A-P3-BAL5-001,runs/A-P3-BAL5-001/case_017_q3_N5_s11/plan.json,2026-09-24T08:52:20+00:00,pool,
case_018,3,4.983363,4.983363,201544,5,A-P3-BAL5-001,runs/A-P3-BAL5-001/case_018_q3_N5_s11/plan.json,2026-09-24T08:51:18+00:00,pool,
case_019,3,4.975107,4.460177,18193,5,A-P3-BAL5-001,runs/A-P3-BAL5-001/case_019_q3_N5_s11/plan.json,2026-09-24T08:56:39+00:00,pool,
case_020,3,4.948871,4.948871,107650,5,A-P3-BAL5-001,runs/A-P3-BAL5-001/case_020_q3_N5_s11/plan.json,2026-09-24T08:50:59+00:00,pool,
case_021,3,5.256957,5.256957,1249380,5,A-P3-BAL5-001,runs/A-P3-BAL5-001/case_021_q3_N5_s11/plan.json,2026-09-24T08:52:16+00:00,pool,
case_022,3,4.799662,4.743922,11969,5,A-P3-BAL5-001,runs/A-P3-BAL5-001/case_022_q3_N5_s11/plan.json,2026-09-24T08:58:47+00:00,pool,
case_023,3,5.242603,5.27599,23240,5,A-P3-BAL5-001,runs/A-P3-BAL5-001/case_023_q3_N5_s11/plan.json,2026-09-24T08:51:47+00:00,pull,
case_024,3,3.437336,3.207268,796735,4,A-P3-STRAND-002,runs/A-P3-STRAND-002/case_024_q3_N4_s11/plan.json,2026-09-24T04:56:45+00:00,pool,
case_025,3,4.986277,4.983191,975886,5,A-P3-BAL5-001,runs/A-P3-BAL5-001/case_025_q3_N5_s11/plan.json,2026-09-24T08:52:40+00:00,pool,
case_026,3,2.906366,2.906366,34133,5,A-P3-BAL5-001,runs/A-P3-BAL5-001/case_026_q3_N5_s11/plan.json,2026-09-24T08:52:06+00:00,pool,
case_027,3,5.128446,5.128446,460949,5,A-P3-STRAND-N5,runs/A-P3-STRAND-N5/case_027_q3_N5_s11/plan.json,2026-09-24T07:57:48+00:00,pull,
case_028,3,5.445693,5.445693,8049671,5,A-P3-BAL5-001,runs/A-P3-BAL5-001/case_028_q3_N5_s11/plan.json,2026-09-24T08:52:35+00:00,pool,
case_029,3,4.537272,4.179279,8986,5,A-P3-BAL5-001,runs/A-P3-BAL5-001/case_029_q3_N5_s11/plan.json,2026-09-24T08:53:43+00:00,pool,
case_030,3,4.994902,4.994902,562180,5,A-P3-BAL5-001,runs/A-P3-BAL5-001/case_030_q3_N5_s11/plan.json,2026-09-24T08:59:06+00:00,pool,
case_031,3,4.625492,4.792246,295137,5,A-P3-BAL5-001,runs/A-P3-BAL5-001/case_031_q3_N5_s11/plan.json,2026-09-24T08:52:01+00:00,pull,
case_032,3,3.475595,3.578843,11580,5,A-P3-BAL5-001,runs/A-P3-BAL5-001/case_032_q3_N5_s11/plan.json,2026-09-24T08:58:41+00:00,pull,
case_033,3,5.003782,5.010791,354075,5,A-P3-BAL5-001,runs/A-P3-BAL5-001/case_033_q3_N5_s11/plan.json,2026-09-24T08:59:30+00:00,pull,
case_034,3,4.80959,4.910475,171673,5,A-P3-BAL5-001,runs/A-P3-BAL5-001/case_034_q3_N5_s11/plan.json,2026-09-24T08:52:16+00:00,pull,
case_035,3,1.897001,1.875433,90417,4,A-P3-CACHE-002,runs/A-P3-CACHE-002/case_035_q3_N4_s11/plan.json,2026-09-24T00:55:21+00:00,pool,
case_036,3,4.976493,4.976493,187182,5,A-P3-BAL5-001,runs/A-P3-BAL5-001/case_036_q3_N5_s11/plan.json,2026-09-24T08:59:38+00:00,pool,
case_037,3,4.882268,4.882268,43013,5,A-P3-BAL5-001,runs/A-P3-BAL5-001/case_037_q3_N5_s11/plan.json,2026-09-24T08:53:57+00:00,pool,
case_038,3,5.007045,5.007045,272527,5,A-P3-BAL5-001,runs/A-P3-BAL5-001/case_038_q3_N5_s11/plan.json,2026-09-24T09:02:55+00:00,pool,
case_039,3,4.385198,4.889744,293525,5,A-P3-STRAND-N5,runs/A-P3-STRAND-N5/case_039_q3_N5_s11/plan.json,2026-09-24T07:57:56+00:00,pull,
case_040,3,2.39725,2.463541,102882,5,A-P3-BAL5-001,runs/A-P3-BAL5-001/case_040_q3_N5_s11/plan.json,2026-09-24T08:58:55+00:00,pull,
case_041,3,4.957568,4.957568,1211069,5,A-P3-BAL5-001,runs/A-P3-BAL5-001/case_041_q3_N5_s11/plan.json,2026-09-24T09:00:44+00:00,pool,
case_042,3,4.936347,4.936347,341698,5,A-P3-BAL5-001,runs/A-P3-BAL5-001/case_042_q3_N5_s11/plan.json,2026-09-24T08:53:28+00:00,pool,
case_043,3,2.981985,3.245277,208813,5,A-P3-BAL5-001,runs/A-P3-BAL5-001/case_043_q3_N5_s11/plan.json,2026-09-24T08:58:28+00:00,pull,
case_044,3,2.701548,3.494557,44185,2,A-P3-WAVE-N235,runs/A-P3-WAVE-N235/case_044_q3_N2_s11/plan.json,2026-09-23T22:06:50+00:00,pull,
case_045,3,4.801024,4.801024,26164,5,A-P3-BAL5-001,runs/A-P3-BAL5-001/case_045_q3_N5_s11/plan.json,2026-09-24T08:54:12+00:00,pool,
case_046,3,4.084556,4.084556,67683,5,A-P3-STRAND-N5,runs/A-P3-STRAND-N5/case_046_q3_N5_s11/plan.json,2026-09-24T08:05:05+00:00,pool,
case_047,3,1.332789,1.279335,255217,5,A-P3-BAL5-001,runs/A-P3-BAL5-001/case_047_q3_N5_s11/plan.json,2026-09-24T08:56:18+00:00,pool,
case_048,3,1.502156,1.244205,178604,5,A-P3-BAL5-001,runs/A-P3-BAL5-001/case_048_q3_N5_s11/plan.json,2026-09-24T08:59:42+00:00,pool,
case_049,3,1.585684,2.410306,81432,4,A-P3-CACHE-002,runs/A-P3-CACHE-002/case_049_q3_N4_s11/plan.json,2026-09-24T00:53:23+00:00,pull,
case_050,3,2.128728,2.054516,72859,5,A-P3-BAL5-001,runs/A-P3-BAL5-001/case_050_q3_N5_s11/plan.json,2026-09-24T08:55:07+00:00,pool,
case_051,3,3.412299,3.17402,191438,4,A-P3-STRAND-002,runs/A-P3-STRAND-002/case_051_q3_N4_s11/plan.json,2026-09-24T04:59:35+00:00,pool,
case_052,3,5.206648,4.868789,37032,5,A-P3-BAL5-001,runs/A-P3-BAL5-001/case_052_q3_N5_s11/plan.json,2026-09-24T09:00:42+00:00,pool,
case_053,3,3.933194,3.933194,374425,5,A-P3-BAL5-001,runs/A-P3-BAL5-001/case_053_q3_N5_s11/plan.json,2026-09-24T08:54:31+00:00,pool,
case_054,3,2.982454,2.982454,273282,5,A-P3-BAL5-001,runs/A-P3-BAL5-001/case_054_q3_N5_s11/plan.json,2026-09-24T09:05:30+00:00,pool,
case_055,3,4.922946,4.688141,25348,5,A-P3-BAL5-001,runs/A-P3-BAL5-001/case_055_q3_N5_s11/plan.json,2026-09-24T09:00:58+00:00,pool,
case_056,3,1.484562,2.15043,128944,4,A-P3-CACHE-002,runs/A-P3-CACHE-002/case_056_q3_N4_s11/plan.json,2026-09-24T00:53:33+00:00,pull,
case_057,3,4.542592,3.79526,15737,5,A-P3-BAL5-001,runs/A-P3-BAL5-001/case_057_q3_N5_s11/plan.json,2026-09-24T09:08:41+00:00,pool,
case_058,3,4.788534,4.788534,948039,5,A-P3-BAL5-001,runs/A-P3-BAL5-001/case_058_q3_N5_s11/plan.json,2026-09-24T08:56:18+00:00,pool,
case_059,3,5.502819,5.502819,150736,5,A-P3-BAL5-001,runs/A-P3-BAL5-001/case_059_q3_N5_s11/plan.json,2026-09-24T09:02:16+00:00,pool,
case_060,3,4.743396,4.919024,180684,5,A-P3-BAL5-001,runs/A-P3-BAL5-001/case_060_q3_N5_s11/plan.json,2026-09-24T09:00:59+00:00,pull,
case_061,3,3.806262,3.806262,20280,5,A-P3-BAL5-001,runs/A-P3-BAL5-001/case_061_q3_N5_s11/plan.json,2026-09-24T08:58:58+00:00,pool,
case_062,3,4.761245,4.393197,649825,5,A-P3-BAL5-001,runs/A-P3-BAL5-001/case_062_q3_N5_s11/plan.json,2026-09-24T09:11:55+00:00,pool,
case_063,3,3.901304,4.600257,232682,5,A-P3-BAL5-001,runs/A-P3-BAL5-001/case_063_q3_N5_s11/plan.json,2026-09-24T09:01:16+00:00,pull,
case_064,3,1.281835,1.281835,14913,5,A-P3-BAL5-001,runs/A-P3-BAL5-001/case_064_q3_N5_s11/plan.json,2026-09-24T09:02:40+00:00,pool,
case_065,3,4.521428,4.521428,11737,5,A-P3-BAL5-001,runs/A-P3-BAL5-001/case_065_q3_N5_s11/plan.json,2026-09-24T09:08:53+00:00,pool,
case_066,3,2.669249,2.723198,131856,5,A-P3-BAL5-001,runs/A-P3-BAL5-001/case_066_q3_N5_s11/plan.json,2026-09-24T09:03:05+00:00,pull,
case_067,3,5.084652,5.084652,12554416,5,A-P3-BAL5-001,runs/A-P3-BAL5-001/case_067_q3_N5_s11/plan.json,2026-09-24T09:03:13+00:00,pool,
case_068,3,2.275266,2.275266,159144,5,A-P3-BAL5-001,runs/A-P3-BAL5-001/case_068_q3_N5_s11/plan.json,2026-09-24T09:02:56+00:00,pool,
case_069,3,2.693231,2.550101,9860,5,A-P3-BAL5-001,runs/A-P3-BAL5-001/case_069_q3_N5_s11/plan.json,2026-09-24T08:59:17+00:00,pool,
case_070,3,4.621385,4.231754,27719,5,A-P3-BAL5-001,runs/A-P3-BAL5-001/case_070_q3_N5_s11/plan.json,2026-09-24T09:19:32+00:00,pool,
case_071,3,2.367835,2.348436,8056,4,A-P3-CACHE-002,runs/A-P3-CACHE-002/case_071_q3_N4_s11/plan.json,2026-09-24T00:54:20+00:00,pool,
case_072,3,4.73563,4.951081,4826790,5,A-P3-BAL5-001,runs/A-P3-BAL5-001/case_072_q3_N5_s11/plan.json,2026-09-24T09:02:52+00:00,pull,
case_073,3,5.7016,5.7016,1768210,5,A-P3-BAL5-001,runs/A-P3-BAL5-001/case_073_q3_N5_s11/plan.json,2026-09-24T09:09:03+00:00,pool,
case_074,3,4.937306,5.023663,334863,5,A-P3-BAL5-001,runs/A-P3-BAL5-001/case_074_q3_N5_s11/plan.json,2026-09-24T09:04:52+00:00,pull,
case_075,3,3.415848,3.415848,422094,5,A-P3-BAL5-001,runs/A-P3-BAL5-001/case_075_q3_N5_s11/plan.json,2026-09-24T09:06:35+00:00,pool,
case_076,3,4.773042,4.973887,1243517,5,A-P3-STRAND-N5,runs/A-P3-STRAND-N5/case_076_q3_N5_s11/plan.json,2026-09-24T08:01:42+00:00,pull,
case_077,3,4.382277,4.55496,108743,5,A-P3-BAL5-001,runs/A-P3-BAL5-001/case_077_q3_N5_s11/plan.json,2026-09-24T08:59:32+00:00,pull,
case_078,3,5.056904,5.056904,454061,5,A-P3-STRAND-N5,runs/A-P3-STRAND-N5/case_078_q3_N5_s11/plan.json,2026-09-24T08:13:57+00:00,pool,
case_079,3,5.111085,5.111085,6075472,5,A-P3-BAL5-001,runs/A-P3-BAL5-001/case_079_q3_N5_s11/plan.json,2026-09-24T09:05:10+00:00,pool,
case_080,3,3.181915,4.054938,72045,5,A-P3-BAL5-001,runs/A-P3-BAL5-001/case_080_q3_N5_s11/plan.json,2026-09-24T09:09:38+00:00,pull,
case_081,3,4.905633,4.838396,31373,5,A-P3-BAL5-001,runs/A-P3-BAL5-001/case_081_q3_N5_s11/plan.json,2026-09-24T09:10:26+00:00,pool,
case_082,3,3.49862,3.49862,206093,5,A-P3-BAL5-001,runs/A-P3-BAL5-001/case_082_q3_N5_s11/plan.json,2026-09-24T09:06:07+00:00,pool,
case_083,3,5.337845,5.337845,198206,5,A-P3-BAL5-001,runs/A-P3-BAL5-001/case_083_q3_N5_s11/plan.json,2026-09-24T09:09:14+00:00,pool,
case_084,3,4.988961,4.988961,502592,5,A-P3-BAL5-001,runs/A-P3-BAL5-001/case_084_q3_N5_s11/plan.json,2026-09-24T09:11:50+00:00,pool,
case_085,3,3.821683,3.821683,834161,5,A-P3-BAL5-001,runs/A-P3-BAL5-001/case_085_q3_N5_s11/plan.json,2026-09-24T09:00:45+00:00,pool,
case_086,3,1.731038,1.58764,74578,2,A-P3-WAVE-N235,runs/A-P3-WAVE-N235/case_086_q3_N2_s11/plan.json,2026-09-23T22:19:12+00:00,pool,
case_087,3,4.728628,4.728628,840428,5,A-P3-BAL5-001,runs/A-P3-BAL5-001/case_087_q3_N5_s11/plan.json,2026-09-24T09:12:16+00:00,pool,
case_088,3,2.132554,2.132554,114240,5,A-P3-BAL5-001,runs/A-P3-BAL5-001/case_088_q3_N5_s11/plan.json,2026-09-24T09:10:01+00:00,pool,
case_089,3,5.632055,5.632055,123062,5,A-P3-BAL5-001,runs/A-P3-BAL5-001/case_089_q3_N5_s11/plan.json,2026-09-24T09:11:22+00:00,pool,
case_090,3,4.134593,4.759428,247585,5,A-P3-BAL5-001,runs/A-P3-BAL5-001/case_090_q3_N5_s11/plan.json,2026-09-24T09:07:21+00:00,pull,
case_091,3,4.631336,4.944384,1858021,5,A-P3-BAL5-001,runs/A-P3-BAL5-001/case_091_q3_N5_s11/plan.json,2026-09-24T09:10:12+00:00,pull,
case_092,3,5.982411,5.982411,804952,5,A-P3-BAL5-001,runs/A-P3-BAL5-001/case_092_q3_N5_s11/plan.json,2026-09-24T09:16:05+00:00,pool,
case_093,3,4.674036,4.674036,15876,5,A-P3-BAL5-001,runs/A-P3-BAL5-001/case_093_q3_N5_s11/plan.json,2026-09-24T09:08:15+00:00,pool,
case_094,3,4.769641,4.769641,19895,5,A-P3-BAL5-001,runs/A-P3-BAL5-001/case_094_q3_N5_s11/plan.json,2026-09-24T09:21:46+00:00,pool,
case_095,3,4.953886,4.953886,420852,5,A-P3-BAL5-001,runs/A-P3-BAL5-001/case_095_q3_N5_s11/plan.json,2026-09-24T09:17:44+00:00,pool,
case_096,3,3.112187,3.112187,27053,5,A-P3-BAL5-001,runs/A-P3-BAL5-001/case_096_q3_N5_s11/plan.json,2026-09-24T09:10:59+00:00,pool,
case_097,3,5.46629,5.46629,2102250,5,A-P3-BAL5-001,runs/A-P3-BAL5-001/case_097_q3_N5_s11/plan.json,2026-09-24T09:12:28+00:00,pool,
case_098,3,2.757436,2.96067,59929,4,A-P3-CACHE-002,runs/A-P3-CACHE-002/case_098_q3_N4_s11/plan.json,2026-09-24T00:55:33+00:00,pull,
case_099,3,4.910991,4.931629,329100,5,A-P3-STRAND-N5,runs/A-P3-STRAND-N5/case_099_q3_N5_s11/plan.json,2026-09-24T08:10:16+00:00,pull,
case_100,3,2.849823,3.001767,50378,5,A-P3-BAL5-001,runs/A-P3-BAL5-001/case_100_q3_N5_s11/plan.json,2026-09-24T09:22:41+00:00,pull,
